<?xml version="1.0" encoding="UTF-8"?>
<project-private xmlns="http://www.netbeans.org/ns/project-private/1">
    <editor-bookmarks xmlns="http://www.netbeans.org/ns/editor-bookmarks/2" lastBookmarkId="0"/>
    <open-files xmlns="http://www.netbeans.org/ns/projectui-open-files/2">
        <group>
            <file>file:/D:/Login_Dashboaard/src/Dashboard.java</file>
            <file>file:/D:/Login_Dashboaard/src/Images/eye.png</file>
            <file>file:/D:/Login_Dashboaard/src/LoginRegister.java</file>
            <file>file:/D:/Login_Dashboaard/src/ResaultSetMetaData.java</file>
            <file>file:/D:/Login_Dashboaard/src/Images/XX.png</file>
            <file>file:/D:/Login_Dashboaard/src/ResaultSet.java</file>
            <file>file:/D:/Login_Dashboaard/src/Images/package.png</file>
            <file>file:/D:/Login_Dashboaard/src/Images/lock.png</file>
            <file>file:/D:/Login_Dashboaard/src/into.java</file>
            <file>file:/D:/Login_Dashboaard/src/Login_Form.java</file>
            <file>file:/D:/Login_Dashboaard/src/Images/Xn.png</file>
            <file>file:/D:/Login_Dashboaard/src/Images/user.png</file>
            <file>file:/D:/Login_Dashboaard/src/Images/up.png</file>
        </group>
    </open-files>
</project-private>
